[
  {
    "date": "2025-11-01T10:00:00Z",
    "customerName": "Alice Kumar",
    "phoneNumber": "9123456789",
    "customerRegion": "North",
    "gender": "Female",
    "age": 30,
    "productName": "Widget A",
    "productCategory": "Gadgets",
    "tags": [
      "new",
      "featured"
    ],
    "quantity": 2,
    "pricePerUnit": 100,
    "discountPercentage": 10,
    "totalAmount": 200,
    "finalAmount": 180,
    "paymentMethod": "Card",
    "orderStatus": "Delivered",
    "deliveryType": "Home",
    "storeId": "S001",
    "storeLocation": "Pune",
    "salespersonId": "E100",
    "employeeName": "Rahul"
  },
  {
    "date": "2025-10-12T12:30:00Z",
    "customerName": "Bob Sen",
    "phoneNumber": "9988776655",
    "customerRegion": "South",
    "gender": "Male",
    "age": 42,
    "productName": "Widget B",
    "productCategory": "Accessories",
    "tags": [
      "sale"
    ],
    "quantity": 1,
    "pricePerUnit": 250,
    "discountPercentage": 0,
    "totalAmount": 250,
    "finalAmount": 250,
    "paymentMethod": "Cash",
    "orderStatus": "Pending",
    "deliveryType": "Store Pickup",
    "storeId": "S002",
    "storeLocation": "Mumbai",
    "salespersonId": "E101",
    "employeeName": "Sneha"
  }
]